{
  "name": "kult4e",
  "title": "Kult 4th Edition",
  "description": "An implementation of the Kult 4th Edition ruleset.",
  "version": 0.48,
  "minimumCoreVersion": "0.6.6",
  "compatibleCoreVersion": "0.7.8",
  "templateVersion": 2,
  "author": "Tom LaPorta",
  "esmodules": ["kult4e.js"],
  "styles": ["styles/kult4e.css"],
  "packs": [
    {"name": "moves",
      "label": "Moves",
      "system": "kult4e",
      "module": "kult4e",
      "path": "packs/moves.db",
      "entity": "Item"}],
  "languages": [
     {
      "lang": "en",
      "name": "English",
      "path": "lang/en.json"
    }
  ],
  "gridDistance": 5,
  "gridUnits": "ft",
  "primaryTokenAttribute": "harm",
  "url": "https://gitlab.com/fattom23/kult4e-foundry",
  "manifest": "https://gitlab.com/fattom23/kult4e-foundry/-/raw/master/system.json",
  "download": "https://gitlab.com/fattom23/kult4e-foundry/-/raw/master/kult4e-foundry-master.zip",
  "license": "LICENSE.txt"
}
